Sale Price,City,Neighborhood,Pincode,Property Size (sqft),Lot Size,Bedrooms,Bathrooms,Year Built,Nearby Amenities,Market Trends
9887000,29,274,62521,3005,3728,3,2,2007,0,0
2495000,4,38,62349,752,1688,4,4,2011,0,0
3187000,12,113,61577,952,1517,5,4,1994,2,1
9214000,9,89,61527,1857,2608,3,2,1994,0,2
4876000,7,73,63157,1358,1737,1,1,2014,2,2
14320000,21,198,62365,3673,4634,4,4,2011,3,0
2569000,16,160,60711,766,1570,4,3,1997,0,1
10987000,23,223,64351,3887,4264,1,1,2016,0,1
12305000,26,246,64995,4368,4853,1,1,2023,2,0
25933000,2,17,60541,2999,3939,4,3,2003,4,1
8217000,17,168,64861,2879,3814,2,1,2018,2,1
7236000,33,318,64392,1690,2573,5,4,2008,4,1
3456000,29,280,63240,966,1726,4,4,2012,1,0
12415000,31,294,61139,4387,5344,1,1,2005,2,2
4774000,4,41,63913,1517,2058,5,4,2024,4,0
4066000,9,86,64895,748,1169,5,5,2005,1,0
6442000,36,348,64639,2172,2564,4,3,2009,0,2
3647000,8,80,61702,1186,1469,3,3,2017,4,0
9876000,15,146,64139,3395,3734,4,3,2009,0,2
20944000,9,89,61142,4326,5188,2,2,2005,4,1
5892000,29,280,63800,1761,2752,3,3,2021,4,0
4194000,5,52,64130,1359,2215,4,4,2014,2,0
11438000,8,82,62578,3930,4750,4,4,2024,1,2
8815000,32,308,63132,3089,3889,2,2,2008,1,1
11721000,27,258,60312,4024,4940,5,5,2016,3,1
7279000,26,253,62148,2470,2792,4,3,2008,3,0
7691000,26,249,64190,2569,3223,5,4,1992,1,2
2967000,17,167,61471,914,1186,4,4,2021,1,0
12644000,27,261,61523,4423,4791,3,3,2018,1,1
12671000,21,198,64767,3312,4246,1,1,1999,3,0
4266000,18,172,60345,1357,1651,5,4,1990,1,1
9847000,11,105,61768,3347,3712,5,5,2024,1,0
7894000,22,209,63928,2641,3063,5,5,2019,0,1
10293000,36,344,62351,3484,4146,5,5,2003,0,2
6799000,20,191,61875,2360,2635,2,2,2003,2,2
8423000,7,66,64860,2342,2869,2,2,1993,0,0
14094000,25,244,63322,2288,2564,4,4,1998,3,0
10998000,6,64,61479,3783,4751,4,3,2012,1,0
8942000,4,39,63184,3042,3885,4,4,2005,0,0
10197000,11,106,60161,3620,4105,1,1,1993,3,0
12587000,5,51,62930,4443,5002,1,1,1999,4,2
8410000,22,216,62681,2830,3375,5,4,2013,0,2
13257000,7,65,63795,3697,4363,3,3,2008,0,0
15056000,33,320,60750,3693,4018,3,2,1996,0,0
5649000,18,173,60926,1934,2444,2,2,1993,4,2
12893000,8,81,60464,4411,4631,5,4,2014,4,1
3421000,7,65,62974,821,1063,5,4,2010,1,1
9146000,3,29,61604,1591,2201,4,4,2009,1,2
6158000,34,327,62936,2080,2598,3,2,2005,0,1
7953000,31,297,60837,2673,3023,5,4,1993,4,0
9588000,20,196,63494,3260,3641,5,4,2005,0,1
3388000,20,195,62964,1163,2162,1,1,1992,3,0
4952000,34,324,64326,1735,2194,1,1,1997,4,2
11883000,1,8,64632,2340,2725,2,1,2014,1,2
9336000,29,283,63302,2860,3832,2,2,1994,4,2
5077000,32,308,62806,1794,2357,1,1,2015,2,1
8836000,27,262,62414,3021,3504,4,4,2007,3,1
12311000,8,81,64924,4378,4740,1,1,2004,4,0
8220000,1,7,64460,1575,2213,3,3,2024,2,2
10636000,24,227,62205,3745,4370,1,1,2020,0,1
3408000,20,190,61100,1159,1767,2,2,1996,1,2
8954000,24,233,61591,3070,3430,4,3,1990,0,2
12661000,7,66,60536,3472,4016,5,5,2016,3,1
3677000,18,175,61753,1184,2107,4,4,2018,1,2
2045000,17,166,63377,670,1033,2,2,2021,4,0
12124000,29,278,61451,3729,4562,2,1,1990,3,1
7907000,33,314,64233,1845,2205,5,5,2021,4,2
2155000,0,3,61693,641,1317,4,3,2024,4,1
10902000,16,157,61270,3738,3949,4,4,2009,1,2
2539000,16,161,63929,837,1232,2,2,2019,0,1
11121000,16,153,64203,3852,4183,3,2,2018,4,1
2786000,10,101,63228,817,1622,5,5,2013,1,2
9080000,36,340,63333,3167,3762,2,2,2012,4,2
6965000,2,23,63890,757,988,5,5,2023,1,0
5449000,32,303,64646,1885,2537,2,2,2020,4,0
12347000,29,277,61979,3840,4720,1,1,2023,1,2
12333000,4,38,62502,4259,4476,4,4,1990,0,2
7010000,15,145,61748,2452,3164,1,1,2004,2,2
4970000,24,234,62540,1607,2211,5,4,2009,2,0
4885000,20,189,64679,1711,2030,1,1,2009,0,2
16200000,35,336,63206,4457,5097,2,2,1997,2,0
10116000,11,109,64863,3529,4003,2,1,2012,3,0
4944000,27,259,62109,1609,2520,4,3,2016,4,1
10073000,18,175,60789,3563,4406,1,1,2003,3,2
9818000,24,234,62501,3337,3678,5,5,2007,1,2
11693000,23,224,62223,4126,4718,1,1,2000,2,1
4038000,15,149,64526,1292,1896,4,3,2013,2,2
3958000,5,47,64418,1253,1832,4,4,2020,4,1
6726000,11,108,60573,2244,2940,4,3,2006,4,0
10832000,12,114,64543,3799,4625,2,2,2024,1,1
2288000,31,298,61687,669,908,4,3,2007,3,0
12529000,7,65,64306,3518,4206,2,1,1997,0,2
13683000,21,206,64972,3509,4036,3,3,2004,1,2
10615000,36,348,64570,3599,4030,5,4,1991,1,0
3962000,12,114,64628,1310,1819,3,2,2005,3,1
12092000,25,235,64271,2002,2833,1,1,2011,2,2
13575000,30,284,64550,3144,3537,4,4,2015,0,0
10049000,3,30,63861,1738,2172,5,4,2000,0,2
13400000,21,200,61993,3460,3680,3,2,2016,2,0
4427000,30,290,64533,995,1283,2,1,2006,2,0
12463000,9,90,61391,2578,3097,1,1,2020,2,1
10164000,15,149,64404,3473,4201,4,3,1991,4,2
5358000,18,172,61100,1867,2711,1,1,2005,0,2
12264000,4,41,60447,4278,4753,3,3,1996,2,1
6576000,3,29,63126,1183,1472,1,1,1992,4,2
10412000,0,1,64658,3680,4224,1,1,2013,2,0
3067000,5,48,62657,951,1750,4,3,2006,4,0
5800000,30,293,62894,1258,1905,5,4,1999,4,1
14680000,3,32,61204,2655,3462,1,1,2002,1,0
8456000,20,189,63838,2921,3258,3,2,2023,3,2
5891000,23,218,61217,1962,2538,4,3,2022,1,0
11546000,27,260,63573,4012,4475,3,3,2011,4,0
6152000,1,16,60481,1121,1435,5,5,2019,1,2
8212000,19,185,60324,2914,3839,1,1,2006,0,2
10619000,28,271,64607,3712,4454,2,1,2021,2,2
8133000,13,127,63559,1742,2107,3,2,1995,2,2
10262000,35,336,63635,2718,3640,5,5,2001,2,2
11287000,8,76,63890,3909,4550,3,2,2011,3,1
5676000,0,1,62254,1950,2460,2,2,2001,0,2
7144000,12,122,61539,2422,3141,4,4,2018,3,0
8223000,16,154,63954,2814,3088,3,2,2018,4,2
9517000,20,191,61277,3274,3960,4,3,2017,1,2
21644000,3,32,63331,3908,4804,1,1,1990,2,0
9716000,30,284,63192,2223,2639,4,4,1996,4,0
10973000,30,289,63119,2541,3469,3,3,1996,2,2
8033000,20,194,63670,2833,3707,1,1,2008,2,2
7019000,24,232,63910,2481,2973,1,1,2007,4,1
11205000,31,295,61541,3882,4818,3,3,2020,2,1
14289000,7,73,62577,3951,4361,5,5,2002,3,0
12568000,26,245,62648,4299,4796,5,5,1997,0,1
3526000,3,30,61252,619,1494,1,1,2016,4,1
7037000,3,35,62849,1234,2001,3,3,2024,1,2
12625000,26,254,64878,4400,5360,3,3,2006,0,2
11653000,36,345,63685,4111,4817,1,1,2023,4,2
24283000,3,27,60908,4344,5114,4,4,1993,2,0
2425000,8,78,62323,732,1282,4,3,1995,1,2
12219000,26,246,63656,4313,5186,1,1,2004,3,1
8320000,35,335,61510,2211,2621,4,4,2021,0,1
5171000,11,107,62476,1745,2733,3,2,2000,2,2
5412000,19,187,61879,1888,2321,1,1,2024,0,0
6486000,11,106,63434,2266,2813,1,1,2018,2,2
12258000,7,67,64392,3456,4239,2,2,2011,4,1
4395000,8,78,64891,1467,2406,3,3,1990,4,1
8695000,12,116,62590,2933,3293,5,5,1994,4,0
18702000,25,239,62461,3092,3655,2,2,2002,1,1
8016000,28,271,61345,2724,2955,4,3,1994,2,2
7132000,14,134,63482,2468,3061,2,2,1993,3,0
21506000,2,18,62733,2481,2969,4,3,2013,0,0
17740000,1,11,61329,3505,4173,2,2,2003,1,1
19915000,2,24,62144,2291,2740,4,3,2022,3,2
5714000,12,116,60981,1921,2378,3,3,1995,2,0
11938000,11,110,60501,4085,4668,5,4,1995,4,0
10019000,36,340,61784,3408,3932,5,4,1996,2,1
34680000,2,19,61334,4049,4743,3,2,1999,4,2
3513000,17,163,63101,1227,1543,1,1,2004,4,2
7126000,31,298,61822,2397,2920,4,4,2024,4,1
11964000,19,183,62319,4107,4662,5,5,2016,4,0
6346000,12,113,63933,2153,2736,3,3,2015,0,1
11122000,17,169,60282,3931,4457,1,1,2012,2,0
6294000,29,276,63548,1929,2263,1,1,2018,3,0
9974000,36,349,63473,3423,3977,4,3,2009,0,0
11837000,20,191,61910,4037,4828,5,5,1991,3,2
10608000,27,261,62459,3606,4542,5,4,2020,4,2
3442000,18,178,61546,1095,1976,4,4,2005,0,0
2191000,28,267,64640,748,1248,1,1,1996,3,1
12364000,6,60,64290,4397,4697,1,1,2017,1,0
9366000,22,211,64328,3198,3813,4,3,2014,4,1
7683000,2,19,63597,862,1198,4,3,2003,3,2
10054000,20,190,64137,3567,4026,1,1,1996,0,0
8050000,3,33,61732,1412,2134,3,2,1991,3,2
5912000,18,176,62477,2008,2214,3,3,2019,2,0
8707000,37,351,60139,3023,3237,2,1,1997,0,2
8272000,28,271,64247,2872,3286,2,1,2019,2,0
8391000,7,71,61826,2343,3008,2,2,2021,2,0
18576000,2,21,64383,2175,3135,1,1,2020,1,1
5322000,15,151,63381,1860,2362,1,1,2000,0,0
15345000,13,131,60891,3359,3765,2,2,2004,3,0
10962000,17,165,63706,3802,4367,3,2,2002,3,1
3283000,34,321,63624,1005,1423,5,5,1996,0,0
6845000,22,210,61664,2372,3135,2,1,2011,1,1
7372000,37,355,60448,2535,2810,3,2,1999,1,2
11911000,37,358,61588,4158,4427,3,2,2007,3,1
4911000,23,219,61938,1727,2360,1,1,2014,4,0
4641000,16,154,62214,1489,2029,5,5,2006,3,0
3759000,29,276,64109,1029,1899,5,4,2008,4,1
11250000,34,323,61734,3908,4356,3,3,2015,2,1
7805000,35,331,64407,2113,2597,2,1,2007,3,0
10791000,27,262,64376,3700,4020,4,4,1994,4,2
24562000,3,34,64205,4446,5206,1,1,1996,3,1
8089000,19,185,61286,2822,3139,2,2,2023,0,1
8937000,5,49,63803,3118,3354,2,1,2013,0,0
2783000,36,346,61269,862,1343,4,3,2008,1,0
9255000,7,68,64939,2555,2839,3,3,1998,0,2
11329000,17,169,64705,3928,4927,3,2,2022,0,1
10039000,28,267,60211,3513,4207,2,2,2004,0,2
23025000,3,28,60425,4172,5061,1,1,2007,3,1
5443000,33,318,63567,1348,1968,1,1,1990,2,1
11932000,30,293,64147,2732,2973,5,4,1998,4,0
4344000,11,103,62463,1455,2453,3,3,2001,4,2
6552000,22,207,63227,2301,2770,1,1,2013,0,2
11955000,37,356,60542,4164,5032,3,2,1997,1,0
15943000,33,320,60608,3944,4459,2,1,2016,0,1
9315000,32,311,62281,3149,3921,5,5,2017,0,2
13688000,13,128,64998,2928,3833,5,5,2024,2,2
6662000,24,230,60257,2227,3061,4,3,2004,4,1
2875000,31,297,62622,932,1692,3,3,2014,3,2
6358000,25,236,60788,1015,1614,3,2,2004,3,2
9567000,20,190,64235,3378,3873,1,1,2015,3,2
5547000,37,352,62762,1904,2641,2,1,2015,2,0
11216000,26,245,64315,3816,4259,5,5,2017,1,1
7265000,11,107,61775,2506,2781,2,1,1996,2,0
12762000,31,295,61407,4483,5011,2,2,2003,4,2
3181000,37,358,60158,946,1566,5,5,2016,2,1
2081000,36,347,64810,656,1589,2,1,1991,4,1
3987000,7,72,64517,1124,1697,1,1,2020,3,0
5097000,27,260,63258,1776,2204,1,1,1999,4,2
11233000,12,122,61202,3858,4111,4,3,2024,1,2
8432000,16,160,63181,2913,3671,3,3,2006,4,2
10481000,34,328,61648,3585,3992,4,4,2006,1,2
2532000,29,281,61427,675,1360,4,3,2022,4,2
3473000,26,245,60661,1072,1608,5,4,1990,2,2
13559000,25,241,61540,2247,2847,1,1,2023,2,1
26975000,25,240,60615,4450,5293,3,2,1996,4,1
7631000,21,205,61803,1874,2352,5,5,1999,2,2
10955000,11,108,63480,3716,4115,5,5,2006,3,2
6770000,11,112,61282,2361,2769,2,1,1999,1,1
15022000,35,332,63997,4126,4405,2,1,2003,0,1
6319000,34,327,62199,2166,2794,3,3,2020,3,1
5657000,4,40,61193,1847,2812,5,4,2003,4,2
5518000,8,78,64983,1819,2186,4,3,1993,0,1
21009000,1,8,61981,4164,4591,2,2,2005,2,1
8182000,15,148,62415,2754,3679,5,4,2023,0,2
2383000,5,52,64118,672,970,5,5,1998,3,2
15205000,9,90,64473,3105,3600,3,2,2010,3,0
4426000,0,3,63679,1468,2293,3,2,1994,3,1
9380000,3,32,60549,1615,1879,5,5,1993,1,1
9713000,24,234,62342,3301,3716,5,4,1997,2,0
12245000,6,61,63237,4261,4655,3,3,2023,3,0
8634000,16,152,62952,2935,3424,4,3,2005,2,2
4820000,16,154,64118,1653,2466,2,2,1992,3,2
15134000,25,235,62153,2466,3057,3,3,1994,3,1
6127000,13,125,63126,1275,2065,4,4,1991,0,1
6012000,31,301,61272,1964,2817,5,5,2015,1,1
10498000,4,36,61313,3618,3975,4,4,2005,4,2
8705000,36,342,63248,2939,3279,5,4,2018,1,0
12609000,22,215,63722,4432,5054,2,2,2014,1,1
9437000,20,188,63454,3300,3951,2,1,2021,0,1
11216000,16,155,63463,3908,4254,3,2,2000,0,2
5639000,11,105,61292,1838,2364,5,5,1994,3,2
11556000,10,100,61142,3972,4655,4,3,2007,4,1
9218000,36,348,62800,3148,3757,4,4,1997,2,1
13588000,35,331,61389,3662,4222,4,4,1993,3,0
11568000,24,230,62142,3954,4427,5,4,2014,3,0
3322000,8,78,61851,1081,1889,3,2,2008,4,1
8408000,12,117,63749,2882,3286,3,2,2007,3,0
9031000,33,319,64625,2178,2954,3,2,1996,2,2
10566000,18,171,62844,3715,4152,2,2,1995,3,1
10838000,36,344,62471,3711,4363,4,3,2008,0,2
14154000,29,278,61825,4341,5045,3,2,2020,1,1
13363000,7,73,60638,3704,3983,4,4,2015,0,2
2674000,14,135,62888,821,1712,4,3,2021,3,1
11314000,31,295,64299,3901,4235,4,4,2024,2,1
12791000,10,97,63478,4404,4743,5,5,2000,3,0
9072000,28,273,64172,3111,4041,4,3,2005,4,2
14540000,35,338,62396,4003,4521,1,1,2014,2,2
3326000,31,300,60167,1056,1532,4,4,1998,2,2
8562000,33,316,61271,2113,2523,1,1,2013,0,1
4394000,10,102,64246,1515,2334,2,2,2006,3,1
10508000,37,353,60443,3645,3946,3,3,2011,1,1
12609000,28,272,62215,4478,5107,1,1,2006,4,2
4884000,20,188,62486,1557,1788,5,5,2005,4,0
7325000,19,187,64915,2467,3124,4,3,1991,2,2
3724000,33,313,60231,885,1593,2,2,2023,2,0
6525000,11,107,60306,2153,3002,5,4,2004,2,0
12088000,21,201,64403,3104,3655,3,2,2017,3,2
10473000,4,36,63568,3653,4530,2,1,2022,1,0
5222000,17,162,60953,1787,2560,2,1,2015,1,0
12623000,28,271,60991,4433,5433,2,2,2004,3,2
2369000,31,301,63487,778,1708,2,1,2017,1,2
2656000,37,353,64999,915,1790,1,1,2008,4,2
8957000,8,79,63171,3105,3331,3,3,1994,0,2
7207000,14,136,61499,2505,2833,2,1,2016,0,1
13479000,35,335,63611,3625,4287,4,3,2001,2,1
11364000,8,78,61102,3997,4373,2,2,2023,0,0
5304000,26,249,62998,1854,2815,1,1,2011,4,0
7151000,23,221,62692,2381,3026,5,5,2000,2,0
10646000,18,176,64989,3650,4261,4,3,2019,4,0
6454000,18,175,64245,2122,3051,5,5,2008,0,0
7908000,9,87,60106,1622,2280,1,1,1993,3,1
11171000,6,59,64890,3894,4722,3,3,2012,3,2
4562000,10,102,64883,1578,1871,1,1,2007,0,0
10760000,12,118,64469,3721,3971,3,2,1992,2,0
11891000,5,53,64318,4117,4761,4,3,2006,4,0
14772000,33,314,60286,3672,4043,1,1,2018,4,2
6138000,6,62,64300,2095,2530,3,3,1996,0,0
12505000,31,298,60156,4425,4933,1,1,2005,0,2
3249000,26,246,64759,1091,1543,2,2,2002,3,0
12374000,15,148,62431,4285,4781,4,3,1998,0,0
6509000,31,300,60472,2293,3207,1,1,2013,4,2
15445000,7,69,60706,4350,5221,2,2,2003,3,0
10447000,23,223,60535,3679,4520,1,1,2002,2,1
5121000,25,244,61876,841,1633,1,1,2011,2,0
6465000,32,307,60700,2275,3203,1,1,2003,1,1
2934000,8,81,62815,1025,1515,1,1,2005,4,1
10654000,16,155,60973,3750,4433,2,2,2003,0,0
12145000,9,88,60284,2507,2900,1,1,1995,4,1
10936000,10,100,62848,3718,4586,5,4,2001,3,2
7442000,5,49,63742,2489,3476,5,4,2004,2,2
3470000,37,355,64493,1046,1292,5,4,2014,4,1
12372000,8,75,64156,4328,5192,3,3,1999,1,0
9971000,3,32,63776,1721,2320,5,5,2018,2,2
3085000,27,257,60290,921,1902,5,5,2014,1,2
2462000,15,148,63404,799,1013,2,1,2003,3,0
4925000,20,190,61854,1682,2426,2,1,2000,1,1
15166000,1,7,64645,3019,3882,1,1,2012,4,2
2234000,10,95,60454,674,1367,3,2,1998,1,2
10163000,19,180,62440,3479,4230,4,3,2016,2,0
20447000,3,29,61461,3677,3905,2,2,1991,3,2
2191000,37,351,60157,756,1257,1,1,2003,4,2
30760000,2,18,62590,3562,4534,5,4,2015,1,0
3760000,14,134,63798,1210,1753,4,3,2000,2,2
13063000,1,9,63238,2570,3096,2,2,2004,2,0
16604000,21,199,64108,4234,4721,5,4,2019,2,0
11690000,5,45,64350,4143,4652,1,1,2020,2,2
9728000,30,287,63404,2188,2738,5,5,1996,1,1
25057000,25,237,62474,4124,4832,3,2,1995,2,1
5016000,27,258,64456,1670,2454,3,2,2007,0,1
5538000,17,165,63532,1895,2329,2,1,2001,4,2
3081000,37,350,60684,1055,1338,1,1,2013,0,2
6508000,27,262,60897,2177,2419,4,4,1995,0,0
11433000,30,289,64848,2673,3673,2,1,1990,1,2
12507000,31,299,62842,4380,4716,2,1,2000,4,2
3007000,31,302,60434,1014,1684,2,2,2015,3,2
8960000,20,190,64514,3163,3507,1,1,1992,4,1
11904000,35,336,62503,3246,4245,2,1,2020,0,1
10054000,20,197,61883,3496,3748,3,3,2021,3,1
10544000,9,89,62645,2144,3128,3,2,2001,2,2
13709000,21,204,63892,3468,3956,5,5,2012,4,0
11421000,4,39,63678,4023,4774,2,1,2000,3,2
17360000,33,316,64205,4324,5233,1,1,1994,3,1
7155000,9,90,63140,1417,1929,4,4,1997,2,2
7779000,31,296,63206,2608,3104,5,5,2020,0,1
6982000,37,354,61490,2438,3236,2,1,2004,0,0
12950000,5,54,62226,4446,4894,5,5,2016,1,2
5992000,11,105,60628,2114,2823,1,1,1997,1,2
5513000,12,117,62612,1947,2681,1,1,1995,0,0
8615000,22,210,61201,2929,3358,4,3,2024,3,1
22183000,3,32,60579,3948,4854,5,5,2012,4,2
5897000,32,307,60920,2049,2497,2,1,2021,0,1
2960000,19,182,63272,928,1548,4,3,1996,3,1
10797000,33,318,62184,2568,3248,5,5,2000,2,0
5046000,29,281,62960,1488,2401,3,3,1999,3,2
7241000,34,321,62432,2450,2684,4,3,2015,2,0
8288000,26,246,63246,2928,3911,1,1,2004,3,1
8704000,10,97,64764,2926,3172,5,5,2002,3,2
8728000,18,177,60595,3096,3372,1,1,2009,1,2
27924000,2,24,62706,3237,4107,4,3,2010,2,1
4412000,16,158,62372,1526,2075,1,1,2006,0,0
10352000,6,63,63816,3578,4347,3,2,2000,0,0
13887000,21,200,60270,3585,4417,3,3,1996,1,2
5964000,35,335,62924,1511,1952,5,4,2006,0,2
12030000,0,6,62754,4217,5172,2,1,2012,4,1
17958000,9,90,62949,3715,3993,1,1,2009,1,0
2771000,5,49,62603,968,1232,1,1,2005,4,1
5083000,37,351,63396,1642,2190,5,5,2013,1,1
10954000,26,248,60552,3784,4270,4,4,2003,0,1
11401000,17,167,62702,3997,4641,2,2,2020,2,2
26618000,25,240,64242,4367,4626,4,4,2001,4,2
7365000,5,48,63751,2503,3448,4,3,2020,1,2
6995000,17,163,64497,2355,3043,4,3,2013,4,2
6117000,14,139,64108,2149,3045,1,1,1990,0,2
11082000,28,270,63344,3902,4640,2,2,2010,4,0
11117000,12,119,61649,3811,4529,4,3,1995,0,0
10893000,22,208,60555,3748,4541,4,3,2008,1,1
4017000,1,14,60289,789,1487,1,1,2000,1,2
6835000,29,280,63609,2072,2871,2,2,1999,3,2
5305000,22,215,63561,1862,2371,1,1,2013,0,0
8391000,27,256,64364,2937,3447,2,1,2009,3,2
14204000,21,204,60830,3641,4455,4,3,1997,4,2
9454000,10,100,61574,3274,4001,3,2,2007,1,2
10337000,26,247,63697,3631,4604,2,2,2006,2,0
7895000,32,305,60897,2696,3333,3,2,2018,0,1
15204000,9,90,62130,3088,3814,4,4,1996,1,2
8651000,20,191,62194,2917,3264,5,4,1992,4,0
11493000,34,328,64809,4045,4536,2,1,1993,4,0
2326000,32,306,61960,698,1225,4,3,2019,3,2
15538000,35,333,62380,4174,4895,5,5,2020,4,1
11271000,2,17,62999,1304,1601,2,1,2016,3,0
13450000,35,337,62966,3679,4658,2,1,2005,0,2
2809000,28,269,64901,935,1284,2,2,2014,0,2
10868000,36,348,63986,3718,4645,5,4,2023,4,2
4578000,8,77,60818,1472,2037,5,4,2004,4,1
7402000,6,57,62840,2557,2792,2,2,1997,3,1
9172000,11,109,62914,3083,3514,5,5,2021,1,1
8427000,18,175,62889,2880,3555,4,3,2012,4,0
2794000,21,199,64869,620,1127,4,4,1995,2,0
7680000,24,232,61243,2547,2763,5,5,2018,0,0
12229000,37,354,63261,4232,5224,4,3,2017,4,0
6257000,17,164,62298,2068,2714,5,5,1999,0,2
3616000,28,269,63547,1141,1688,4,3,2020,0,1
10017000,26,253,64692,3546,4331,1,1,2006,1,1
3075000,24,229,60942,933,1933,5,5,1995,4,2
7100000,8,82,60153,2472,2999,2,1,2020,4,0
3108000,17,165,64280,995,1446,3,2,2007,3,2
4151000,36,341,62612,1451,2304,1,1,2009,0,1
9618000,8,76,60691,3378,3860,2,2,2017,2,2
5981000,31,299,63220,2055,2498,2,1,1990,2,0
5571000,29,278,62526,1573,2405,5,5,1993,4,0
9790000,26,252,63866,3437,3873,2,2,2011,3,0
12120000,37,356,64158,4260,4809,2,1,1995,4,0
4114000,1,10,62810,726,1688,5,4,2023,4,0
16184000,33,317,63831,3922,4406,5,4,2020,3,2
6291000,1,9,61573,1156,1991,5,5,2008,4,1
3853000,20,197,61378,1211,1772,5,4,2009,0,2
8377000,8,82,64358,2870,3338,3,2,2019,4,2
12116000,12,122,60483,4246,4720,2,1,2013,0,0
8437000,32,310,62645,2960,3339,1,1,2003,3,1
8579000,13,125,64822,1822,2517,4,3,2023,0,0
3736000,16,154,60411,1141,1938,5,4,2013,2,1
5158000,17,164,60317,1696,2043,4,3,2007,1,2
2042000,14,141,62794,626,1601,3,2,2022,4,2
9594000,7,68,64233,2612,3486,5,4,2021,1,0
11975000,26,253,60640,4109,4857,5,4,1992,3,0
3582000,26,245,60734,1233,1643,1,1,2021,4,0
7506000,32,310,62138,2538,2773,4,4,1997,3,0
5977000,16,153,63953,2024,2663,3,3,2023,2,1
11074000,19,180,63689,3914,4586,1,1,2002,0,0
2669000,29,275,61425,724,1657,4,4,1997,2,1
22450000,25,237,61694,3685,4119,3,3,2016,3,0
7867000,13,125,64448,1685,2144,3,3,2004,0,0
3234000,33,318,63840,721,1263,3,2,2022,2,2
9520000,36,348,62574,3313,3910,2,1,2001,1,2
4309000,35,335,60788,1175,2051,1,1,2007,4,2
7839000,16,156,61734,2711,3368,2,2,2021,4,0
3261000,4,40,62772,1022,1680,4,3,2024,0,1
8959000,3,30,61656,1537,2221,5,5,2020,4,2
4261000,22,207,64235,1431,2288,3,2,2014,0,1
11191000,6,60,64284,3834,4115,5,5,2015,1,0
10726000,31,298,63693,3692,4353,4,3,2014,1,1
9296000,5,51,63666,3258,3541,2,1,2024,1,0
12688000,3,28,62927,2278,3196,2,2,2012,1,2
6594000,4,41,63667,2204,2485,4,3,1990,4,0
4122000,10,95,62322,1341,1941,4,4,1993,4,0
3981000,36,349,62688,1394,1743,1,1,2024,3,1
8315000,20,190,60241,2889,3775,2,1,2015,4,1
3143000,23,219,61338,1066,2043,2,1,2012,2,0
8629000,20,195,61912,2996,3634,2,1,2019,4,0
3520000,23,218,64827,1090,1549,5,5,2017,1,1
3014000,31,301,61512,1055,1685,1,1,2018,0,1
3724000,9,88,62970,683,1134,4,4,2007,0,1
2949000,29,283,63194,898,1159,1,1,1990,3,0
2877000,28,273,64524,937,1740,3,2,2019,1,0
5123000,3,30,63931,850,1541,4,4,2011,0,1
11483000,32,308,64527,3964,4472,4,3,2015,4,2
8130000,32,311,62976,2808,3528,3,2,2002,4,2
8395000,22,211,64673,2903,3610,3,3,2021,3,0
15423000,9,84,61378,3136,3960,4,3,2016,4,1
2674000,20,197,60828,763,1542,5,5,2016,4,1
6346000,8,75,62536,2096,2332,5,4,2022,3,1
5638000,15,149,63303,1941,2830,2,2,2019,3,1
8797000,15,143,64822,2977,3748,5,4,2015,3,1
13388000,13,131,61850,2857,3234,5,4,2004,2,2
3994000,24,230,64309,1271,1766,4,4,2014,0,1
6779000,22,216,64225,2238,3068,5,4,2002,4,1
9738000,22,215,63577,3424,4091,2,1,2011,4,1
7110000,27,261,63583,2478,3002,2,2,2014,3,2
10975000,31,294,60308,3840,4748,2,1,2013,0,0
4118000,25,242,63773,634,1208,3,3,1990,3,1
7045000,29,278,61377,2108,2741,3,2,1994,0,2
9542000,27,263,64346,3367,4043,1,1,2006,0,2
8118000,2,19,60316,915,1430,3,2,2015,1,0
11707000,25,235,62794,1863,2681,5,4,2012,1,2
11533000,9,87,62549,2314,3154,4,4,2015,1,0
18159000,9,93,61999,3688,4200,5,5,1999,3,1
3350000,20,192,62700,1094,1978,3,2,2005,4,0
8298000,18,176,64212,2935,3685,1,1,1996,2,0
5884000,4,36,61602,1966,2772,4,3,1995,2,1
2238000,37,350,60448,762,1706,1,1,2006,4,2
12682000,11,110,61108,4452,5326,2,2,2003,4,0
9063000,15,145,60616,3209,3744,1,1,1996,3,2
7618000,32,311,63997,2541,3043,5,5,2001,2,0
2744000,10,94,60998,937,1910,1,1,2003,0,1
1976000,10,98,64141,678,1101,1,1,2002,2,0
7118000,28,268,63115,2349,2692,5,4,2005,3,0
2396000,37,357,64483,812,1756,1,1,2020,1,2
10207000,6,60,63442,3457,3930,5,4,1996,1,0
4309000,16,153,60339,1517,2253,1,1,2020,2,0
7975000,15,149,60529,2806,3095,1,1,2005,1,2
2433000,22,207,61755,769,1232,3,3,2024,0,1
14255000,35,334,62401,3837,4038,4,3,2017,3,2
8771000,34,324,63602,3100,3997,1,1,2023,1,0
12737000,34,321,62845,4353,4855,5,5,2003,3,0
8764000,7,69,62101,2407,3143,3,3,2024,4,0
12047000,5,50,60876,4226,4908,2,2,2021,0,2
8722000,29,282,64258,2703,3457,1,1,2008,1,1
12584000,30,291,62721,2936,3198,3,2,1991,1,2
11735000,15,146,60560,4085,4869,3,2,1997,2,2
6624000,37,350,61667,2209,3066,4,3,1999,2,1
5848000,9,88,64811,1175,1406,2,2,2002,1,0
7971000,21,205,61675,1972,2504,5,5,1991,1,0
3294000,14,141,62667,1069,1529,3,2,2014,3,2
14426000,9,84,64453,2990,3433,1,1,2018,1,1
10221000,6,55,62368,3559,4156,3,3,2018,0,1
12001000,1,7,60497,2336,2666,3,3,1993,3,1
6267000,15,145,61972,2119,2926,3,3,2009,0,0
8278000,34,329,62332,2877,3607,2,2,2023,1,0
6047000,3,33,64637,1090,1745,1,1,2008,3,2
12435000,22,210,60356,4303,5142,4,4,1997,2,1
6889000,20,194,61484,2372,2957,2,2,1995,1,0
34886000,2,19,62271,4062,5011,4,3,2008,2,0
3686000,7,70,61880,927,1857,4,4,2013,0,1
4830000,7,68,60198,1272,2212,4,4,2003,4,0
7792000,24,226,64932,2757,3283,1,1,2019,4,1
5381000,2,17,61875,601,1213,3,2,2011,0,0
6619000,26,254,62694,2269,3122,3,3,2006,0,2
19313000,9,93,60247,4006,4972,1,1,2018,3,0
4610000,6,56,60208,1627,2623,1,1,1997,4,1
9492000,37,356,64957,3290,3806,3,2,2015,1,2
2297000,8,77,62837,656,903,5,5,1996,4,0
7986000,10,97,64617,2722,2994,4,4,2001,2,0
7564000,36,346,64736,2552,3092,4,4,2002,2,2
12983000,13,128,62286,2865,3794,1,1,2019,0,1
9773000,19,187,60996,3417,3859,2,2,2004,1,2
6640000,20,191,64265,2230,2631,4,4,1996,2,1
3341000,35,330,60757,778,1308,5,4,1995,0,0
3759000,5,46,64133,1282,1843,2,1,2017,0,1
11748000,35,334,61189,3197,3529,2,2,2015,1,0
10963000,9,93,61809,2263,2670,1,1,2016,2,0
19500000,25,235,60734,3168,3894,5,5,1999,1,0
3608000,9,89,64789,696,1365,3,3,2010,2,2
10450000,36,346,64984,3541,4501,5,5,1996,1,1
13441000,35,330,63780,3657,4273,3,3,1992,2,0
9404000,22,211,63323,3274,3837,2,2,1991,2,0
6850000,5,53,62998,2336,2540,3,3,2008,4,0
5076000,28,265,63206,1789,2525,1,1,2021,2,0
8626000,8,83,60663,2938,3800,4,4,2003,1,0
12596000,13,128,61329,2692,3393,5,4,2019,3,1
9591000,6,62,60148,3254,3823,5,5,2010,2,0
10388000,4,36,60958,3595,3996,3,2,2009,3,1
7020000,18,171,63603,2407,2715,3,2,1997,2,1
3115000,4,40,64499,928,1503,5,4,2013,0,0
13052000,29,276,62107,4059,4475,1,1,1993,0,2
15727000,1,8,63189,3123,3777,1,1,2006,1,1
6370000,24,233,62707,2138,2552,4,4,2016,2,2
6453000,22,208,64653,2272,2852,1,1,2024,3,2
9313000,30,285,60529,2144,3135,3,3,2004,1,1
11661000,33,313,62216,2807,3130,4,3,2006,0,1
12069000,7,71,60792,3382,4153,2,1,2003,0,1
4086000,20,191,60312,1337,2023,3,3,2005,2,1
6578000,32,310,60112,2323,2632,1,1,2008,3,2
7352000,7,66,63542,1995,2974,4,3,2003,0,2
17900000,13,127,63367,3896,4552,4,3,2012,0,2
11385000,25,239,63732,1818,2688,5,4,2006,3,1
8623000,4,40,61287,3005,3458,2,1,1999,0,2
11088000,5,51,61556,3863,4401,3,2,2000,1,1
5566000,17,168,64807,1910,2896,2,1,1990,0,1
22654000,3,28,61524,4085,4399,2,1,1998,3,0
11170000,8,80,61160,3805,4139,5,5,1997,4,0
10547000,34,329,61286,3621,4420,4,4,2009,1,0
18720000,30,284,63545,4417,4870,2,1,2013,2,2
7082000,36,344,61222,2367,2595,5,5,2011,4,0
3239000,20,189,62717,1067,1649,3,3,1995,0,1
24110000,2,18,63230,2813,3191,2,1,2001,3,1
10960000,31,296,62320,3879,4719,1,1,2001,4,2
13429000,2,20,64614,1549,1812,3,2,1995,4,0
2721000,31,299,64746,936,1348,1,1,2007,4,1
6142000,16,159,61463,2034,2786,4,4,2009,3,0
2445000,23,221,60913,763,1433,3,2,2001,3,0
3475000,14,141,64204,1084,1660,4,3,2018,3,1
14955000,9,85,63379,3034,3348,4,4,1990,1,1
7090000,34,323,64701,2457,3245,2,1,1998,2,2
16087000,3,27,60378,2825,3779,5,4,2015,3,1
3817000,35,335,61714,983,1275,3,3,2015,0,1
7815000,16,154,64943,2658,2878,4,4,1992,0,1
10836000,23,220,60328,3711,3913,4,4,2010,2,1
9026000,20,196,62311,3078,3622,4,4,2023,3,0
23036000,25,240,62432,3775,4244,4,3,2009,1,0
2390000,10,97,62902,762,1199,3,2,2016,3,2
2547000,22,210,63737,764,1668,4,3,1997,3,1
12362000,33,313,64173,3045,3856,2,1,2012,3,0
23796000,2,19,61102,2755,3377,4,3,1996,2,0
12494000,4,36,63327,4271,4605,5,4,2014,3,1
8008000,16,159,60645,2813,3650,1,1,2020,2,0
15232000,30,287,63756,3540,4407,4,4,2015,4,1
11991000,34,326,64982,4087,4442,5,4,2023,3,0
11345000,34,323,61107,4029,4780,1,1,2012,1,2
11164000,4,41,60889,3893,4135,3,2,2011,2,0
8969000,22,213,60245,3147,3947,2,1,2017,0,1
12780000,26,251,61132,4484,4945,2,2,2019,0,1
6790000,19,183,64427,2271,2950,4,3,2015,1,1
4955000,17,163,64582,1721,2391,1,1,2020,3,2
5840000,0,6,62415,2028,2635,2,2,2014,4,2
5545000,17,162,63245,1950,2218,1,1,2006,3,2
5477000,31,301,64734,1892,2425,2,1,2013,2,1
10488000,11,103,63869,3602,4184,4,4,2020,3,2
9156000,23,222,60259,3225,3601,1,1,2012,1,1
5629000,13,130,64206,1144,1987,5,5,2001,0,0
7714000,16,155,61737,2568,3198,5,4,2010,3,1
13913000,30,290,62453,3242,3595,3,3,2021,0,0
2546000,35,330,62604,602,1223,4,4,1997,4,2
17310000,21,205,62626,4481,5027,3,3,2018,2,0
4608000,20,192,61617,1511,2135,4,3,2007,3,1
13472000,13,124,62849,2935,3670,3,3,2014,4,2
9344000,12,117,63221,3271,3527,2,2,1998,3,2
9344000,17,165,62863,3222,3829,3,3,2022,1,0
11590000,32,312,63637,4031,4680,3,3,2009,3,1
3569000,30,292,60522,786,1612,3,2,2013,1,1
6119000,8,80,63571,2139,2897,1,1,2020,4,0
8324000,26,245,64128,2806,3127,5,5,2008,2,0
2225000,37,357,63282,648,1615,4,3,1996,4,1
6748000,22,209,61199,2253,3143,4,3,2009,4,1
4686000,34,326,64533,1617,2559,2,2,2006,4,2
12944000,30,284,64667,3038,3770,2,2,2011,4,0
6303000,35,339,64696,1731,2171,1,1,2013,1,0
7062000,10,98,63633,2328,2867,5,5,2006,0,2
12982000,14,139,60642,4480,5065,4,3,2018,2,0
16168000,33,318,62389,3991,4665,2,2,2012,0,2
9102000,20,192,64493,3224,4052,1,1,2006,4,2
2369000,28,270,64441,803,1546,1,1,1994,2,2
17631000,9,86,64592,3602,4594,3,2,1990,2,2
7035000,22,207,64304,2467,2724,1,1,2016,4,0
6454000,35,338,61817,1773,2761,1,1,1994,2,1
5651000,14,132,64778,1867,2498,4,3,2012,0,2
2846000,26,249,61125,981,1657,1,1,2013,1,2
6272000,29,282,62308,1898,2175,2,2,1998,1,1
10229000,10,100,63149,3464,4294,5,5,1997,1,2
4731000,20,196,61842,1518,1812,5,5,2012,0,0
7240000,28,267,60920,2536,3321,1,1,2009,1,1
11805000,23,225,62647,4119,4987,3,3,2012,4,1
2439000,37,357,61892,687,1381,5,4,2008,3,2
23218000,2,21,63541,2718,2990,1,1,1992,0,2
3558000,34,328,62302,1102,1778,5,5,2013,4,0
8421000,30,293,62394,1912,2492,4,3,2003,0,2
23863000,3,27,63526,4272,4865,4,4,2024,4,1
8225000,32,304,63107,2870,3634,2,2,2009,1,2
12184000,29,283,64707,3637,4153,5,5,2013,0,1
7660000,4,38,61101,2627,3423,3,2,2024,4,0
6710000,35,334,63792,1723,2225,5,4,1990,0,2
11231000,35,332,64805,3038,3856,3,3,1999,3,0
10649000,1,9,61284,2117,2585,1,1,2016,4,0
6549000,3,30,62735,1113,1911,4,4,2010,0,0
7005000,34,323,62112,2364,2725,4,4,2008,3,1
7777000,21,200,62757,2022,2785,1,1,2004,2,2
4488000,27,256,63679,1463,2214,4,3,2003,3,2
6839000,6,58,60743,2253,3026,5,5,2013,3,0
10658000,9,92,60551,2184,2502,2,1,2014,4,1
6954000,21,206,60623,1799,2405,1,1,2014,4,2
11611000,24,234,62204,4041,4545,3,3,2017,0,2
4264000,26,249,60689,1350,2123,5,4,1996,4,2
11655000,27,258,61746,4119,4659,1,1,2024,4,2
7579000,34,324,60840,2582,2789,3,2,2007,1,0
3590000,29,276,61665,1078,1939,1,1,2012,4,1
7759000,22,210,62877,2714,3306,2,1,2004,3,1
4208000,14,136,62396,1406,2376,3,3,2008,3,1
8151000,23,221,63555,2834,3135,2,1,1993,2,1
6842000,22,210,60298,2293,2843,4,3,1992,2,2
29097000,2,23,60999,3364,4127,5,4,2023,1,1
10265000,16,158,64785,3559,4477,3,3,2004,0,2
12725000,25,242,64559,2081,2981,2,1,1994,0,0
11764000,4,40,61927,4054,4344,4,4,1999,2,2
7051000,30,286,63573,1646,2067,1,1,2013,0,1
6145000,15,144,64157,2134,2417,2,1,2000,2,0
7648000,11,109,63405,2565,2876,5,5,2014,2,0
7090000,28,271,61527,2338,3179,5,5,2005,0,1
22691000,1,10,64135,4482,5297,3,3,2021,1,0
6276000,22,213,64126,2090,2914,4,3,2022,1,1
24235000,3,33,64292,4366,4939,2,2,2023,1,0
11931000,35,332,60762,3243,3907,3,3,2001,2,0
9818000,25,242,61869,1587,1985,3,3,2004,0,0
6812000,25,242,61190,1061,1448,4,3,2015,1,0
9323000,15,149,60767,3156,4078,5,4,1991,2,1
15376000,9,89,63668,3137,3803,3,2,2023,0,2
12735000,34,321,62491,4352,5035,5,5,2018,1,0
18744000,13,126,61549,4144,4987,1,1,2001,0,2
8649000,5,54,60917,3002,3627,2,1,1994,3,1
2171000,36,347,64435,644,1535,4,4,1997,3,0
10355000,18,172,61688,3579,4096,3,2,2003,2,2
11739000,15,149,61654,4055,4867,4,4,2002,1,0
11592000,6,55,60252,3961,4376,5,5,1997,3,1
2661000,4,44,63246,873,1252,2,2,2008,1,2
25667000,25,237,63304,4265,4527,1,1,2005,0,2
18885000,1,11,61754,3750,4364,1,1,1996,0,0
7720000,18,173,60617,2577,3264,5,4,2023,4,1
6705000,12,122,61187,2219,2498,5,4,2005,0,1
5489000,20,192,63638,1784,2682,5,4,2024,2,1
5009000,31,299,62525,1693,2233,3,3,1991,2,2
5856000,16,155,60958,1964,2752,4,4,2004,0,1
10974000,27,256,63570,3752,4254,5,5,2013,1,1
9561000,20,194,63995,3314,4040,3,3,1992,0,0
12668000,8,75,62534,4407,5256,3,2,2019,3,2
12901000,31,295,61568,4434,4648,5,4,2001,1,0
9017000,23,223,63165,3146,3402,2,2,2024,2,0
12133000,22,213,64788,4278,4806,2,2,1994,1,1
16721000,30,288,62415,3854,4666,5,4,1991,1,1
37791000,2,22,60397,4411,5351,3,3,2023,4,1
7328000,16,160,62893,2442,3149,5,4,1997,1,0
10740000,16,161,63154,3812,4451,1,1,2013,0,2
9391000,8,76,60308,3240,3984,3,3,2002,0,1
12778000,4,36,61459,4483,4920,2,1,2020,3,2
12294000,19,181,64590,4326,4684,2,2,1990,4,0
5954000,14,135,63381,1951,2642,5,5,2012,1,0
11024000,19,187,62883,3867,4393,2,1,2010,2,2
6436000,21,203,62768,1603,2134,3,3,2000,2,0
16524000,2,19,63123,1887,2839,5,4,2002,1,2
13470000,13,124,64469,2945,3227,2,1,1995,1,1
7356000,13,123,64173,1570,1944,3,3,2002,0,2
13599000,29,282,62156,4139,4679,4,3,1998,3,1
13036000,35,339,64324,3504,4462,4,4,2019,1,1
20546000,3,31,63495,3697,4603,2,1,2008,0,2
4927000,36,345,61727,1586,1867,5,5,2022,3,0
5187000,5,47,62725,1662,2475,5,4,2016,2,0
7774000,22,213,64654,2607,3307,5,4,1995,0,2
14072000,33,318,63650,3488,3990,1,1,1998,1,0
15961000,25,236,62918,2633,2890,2,1,2002,1,0
7098000,5,50,62562,2412,3018,3,2,2016,4,1
4194000,35,338,64964,1042,1874,4,4,2010,2,1
9297000,8,79,60936,3139,4100,5,4,2000,2,0
6571000,22,216,60142,2300,3154,1,1,2022,3,0
11036000,4,43,62428,3898,4338,1,1,2011,0,2
2822000,37,357,60781,838,1784,5,5,1991,2,1
18401000,2,22,62221,2104,2483,5,5,2013,3,2
11022000,18,179,63140,3889,4172,1,1,1996,0,0
8044000,23,219,62320,2706,3514,5,4,2016,1,2
23821000,3,28,64271,4235,4586,5,5,2003,2,1
12712000,19,184,62785,4431,5426,3,3,2021,1,2
14933000,7,70,60285,4226,4494,1,1,2004,2,0
7021000,17,167,62162,2372,2630,4,4,2007,2,0
4315000,26,251,61819,1512,1791,1,1,2024,3,2
4010000,10,95,61606,1401,1674,1,1,2014,1,2
8359000,16,160,62114,2904,3409,2,2,1990,4,2
10287000,14,135,62687,3535,3944,4,3,2012,2,2
26176000,2,24,61209,3064,3992,1,1,1998,0,2
8618000,7,69,61290,2408,3054,2,2,2003,0,1
8436000,15,142,63494,2963,3897,1,1,1994,3,0
11096000,34,321,62825,3916,4181,1,1,2014,2,2
7775000,37,351,62379,2710,3376,2,2,2001,1,1
5081000,6,59,60366,1697,2284,3,3,2000,4,2
3060000,26,250,61830,991,1925,3,2,2016,4,1
6260000,36,343,63811,2209,2883,1,1,2018,0,2
3450000,23,223,60962,1159,1798,2,1,1997,2,0
4878000,20,195,61851,1578,1859,5,4,2012,0,2
11782000,8,80,64546,4049,4638,4,4,2019,2,2
9965000,0,1,64621,3472,4032,2,2,1999,3,2
12316000,37,351,60754,4241,4588,4,4,1997,1,0
6053000,14,133,64771,1979,2711,5,4,2023,2,2
5225000,28,271,62458,1752,2030,3,2,2007,1,0
9853000,23,221,63754,3325,3584,5,4,1998,4,0
2442000,7,66,62373,602,1559,3,2,2001,4,1
12574000,8,80,64110,4450,5177,1,1,2004,1,2
4707000,17,170,61861,1525,2116,4,4,2017,0,2
12421000,1,15,61149,2440,2877,2,2,1995,3,1
6363000,28,264,63138,2145,2628,4,3,2002,1,1
20326000,1,9,62562,3992,4405,4,4,2024,0,2
5499000,22,209,62194,1899,2713,2,2,2023,0,1
11277000,5,46,61478,3917,4841,3,2,2012,1,0
10103000,4,42,64675,3464,4344,4,3,2010,4,2
4160000,21,200,60196,1080,1856,1,1,2002,1,2
3367000,15,151,60482,1065,1891,4,4,1990,3,0
5215000,32,310,62977,1782,2049,2,2,2022,1,1
13028000,29,280,63866,4009,4657,2,2,2020,0,2
6167000,35,330,60922,1571,1922,5,4,2009,4,2
6692000,16,158,64313,2294,2520,3,2,1990,2,2
11682000,5,47,61952,4098,4770,2,2,2020,1,0
4909000,12,120,63883,1671,1899,2,1,2024,4,1
12185000,15,149,61752,4297,4676,2,2,1993,2,0
2482000,20,194,61691,708,1029,5,4,2008,0,1
10467000,5,54,62988,3554,3858,5,5,1994,3,1
16116000,1,13,62889,3208,4128,1,1,2018,2,2
12398000,3,30,63620,2198,2951,3,3,2022,1,0
14366000,7,72,61177,4077,4842,1,1,2010,3,2
4998000,22,216,60308,1628,2413,4,3,1999,2,1
8285000,10,99,62122,2883,3360,2,1,2006,2,0
11002000,2,20,62762,1235,1963,5,4,2022,2,2
7293000,7,67,61568,2068,2578,1,1,2016,0,1
4184000,4,41,63871,1417,2219,2,1,2008,3,0
2385000,32,305,63504,684,1022,5,4,2006,4,1
6583000,28,268,64540,2254,3221,3,3,2018,3,2
13673000,30,292,62394,3160,3598,4,4,1992,3,1
22194000,1,7,62169,4417,4731,1,1,2005,2,2
9900000,8,82,60197,3440,4094,3,3,2009,4,2
11837000,18,172,63451,4114,4671,3,3,2011,4,0
5607000,33,314,64524,1368,1638,1,1,1990,4,2
4528000,25,235,61203,670,1218,5,4,2018,3,1
4045000,8,77,61943,1262,1497,5,4,2012,1,2
10276000,15,148,61674,3588,4082,2,2,2014,1,0
12239000,26,252,61693,4324,4974,1,1,2001,2,0
5348000,26,252,64316,1745,2633,5,4,2018,2,0
9418000,15,142,63521,3235,4043,4,3,1994,4,0
7797000,27,261,63794,2684,3554,3,2,2023,1,2
11301000,11,104,61816,3935,4611,3,3,2005,1,0
5424000,16,155,64593,1752,2615,5,4,1993,4,1
14677000,3,28,63232,2611,2960,3,3,2002,0,0
4155000,26,248,62224,1333,1613,4,4,2000,2,1
10118000,27,257,61766,3442,3682,5,4,2016,1,0
12711000,10,101,63601,4425,5087,3,3,1993,3,0
7362000,10,96,61409,2434,2818,5,4,2003,2,2
3427000,12,114,61941,1163,2101,2,2,2008,0,0
19169000,30,292,60716,4445,4682,5,5,2005,1,2
2894000,24,230,60568,863,1800,5,4,2022,2,2
8514000,17,165,60972,2918,3624,3,3,1994,0,2
6547000,25,240,60217,1069,1402,1,1,2010,1,1
3755000,15,149,60330,1317,1648,1,1,2009,2,2
8021000,22,213,64434,2733,3347,4,4,2001,2,0
11743000,3,30,62751,2087,2546,3,3,1994,4,2
5198000,15,146,64777,1817,2641,1,1,2019,3,1
5947000,23,218,63128,1964,2319,4,4,2011,0,0
5601000,16,159,64928,1951,2224,1,1,1997,1,0
7417000,20,193,63398,2596,3357,1,1,2020,2,1
11222000,32,308,63402,3940,4868,2,2,2017,3,2
10960000,26,252,60739,3748,4419,5,4,2002,2,2
8477000,12,119,63135,2939,3930,2,1,2022,3,2
8120000,36,342,62829,2766,3290,4,4,2011,1,2
3729000,28,267,62428,1293,2211,1,1,2011,4,1
7765000,18,176,62834,2622,3029,4,3,2011,1,1
6580000,20,193,64200,2161,2455,5,4,2013,0,2
20673000,25,237,61340,3398,3696,3,3,2014,4,1
10308000,8,80,62352,3488,4278,5,5,2022,4,1
6289000,17,166,64504,2227,3205,1,1,1993,1,1
5758000,20,192,64429,1940,2563,3,2,2004,2,2
11805000,29,282,60956,3627,4111,2,2,1998,2,2
12860000,9,86,63984,2643,3503,2,2,2009,4,0
7707000,34,327,63277,2557,3241,5,5,2021,0,0
3749000,32,309,64617,1321,1862,1,1,2011,2,1
14880000,30,292,63780,3501,3768,2,1,2023,0,1
5429000,30,291,60141,1217,1835,3,3,2015,3,1
23371000,25,236,62291,3823,4510,4,3,1996,3,1
5592000,29,278,63388,1652,2010,3,3,2015,1,0
8086000,15,150,63685,2830,3362,2,2,1995,2,2
2311000,16,157,63882,769,1283,2,1,2003,0,0
4263000,10,101,62749,1387,1837,4,4,2001,3,2
11141000,1,15,61335,2123,2345,5,4,2012,4,0
5345000,32,312,63623,1812,2694,3,2,2001,1,2
34844000,2,18,63262,4039,4962,5,5,2002,0,0
5545000,25,243,62125,900,1660,1,1,2023,1,2
11012000,16,153,62472,3739,4369,5,5,2004,4,2
11536000,15,146,62141,3937,4586,5,5,2024,3,1
9530000,26,253,62454,3226,4224,5,4,2019,2,0
9901000,11,110,63532,3411,4392,3,3,2012,3,0
8462000,37,356,63144,2849,3345,5,4,2016,4,1
11065000,33,320,64457,2677,3530,4,3,1995,1,2
11698000,5,46,60316,4092,4844,2,1,2008,4,0
9117000,16,159,63670,3077,3706,5,5,2001,2,1
11071000,24,227,64722,3862,4402,3,3,1996,4,1
10985000,16,160,60929,3742,4383,5,5,2002,4,0
7005000,24,229,60241,2335,2898,5,4,2024,4,1
17816000,3,33,61598,3145,3860,5,5,1998,3,0
3346000,27,256,62295,1049,1711,4,4,2023,1,1
11414000,32,306,64399,4047,4623,1,1,2024,4,2
6092000,17,168,62959,2132,2659,1,1,1993,1,0
15365000,1,10,60215,2970,3317,5,5,1998,0,1
4512000,17,164,64234,1489,2154,3,2,2012,2,2
10687000,28,271,64206,3753,4041,2,2,2013,0,2
11155000,4,43,61602,3812,4301,5,4,1996,1,1
12318000,11,110,63823,4279,4734,3,3,2013,1,1
3005000,37,355,60251,879,1523,5,5,1991,4,2
12794000,26,249,62162,4455,5341,3,3,1992,0,0
12620000,33,316,61988,3078,3741,3,3,2020,2,2
7385000,19,184,64192,2506,3080,4,3,2013,0,2
3448000,34,321,60125,1118,1557,3,3,2006,0,0
21660000,9,92,62127,4472,5100,2,1,2006,1,0
3738000,15,148,62534,1143,1760,5,4,2003,3,0
11916000,23,222,60526,4175,4895,2,2,2011,0,0
5255000,36,345,63338,1727,1963,4,3,2022,0,0
2555000,12,122,62280,736,1496,5,4,2006,1,2
5668000,30,292,60391,1270,1878,3,2,2015,4,2
12966000,29,274,63468,3969,4833,3,2,2014,1,0
8498000,19,184,62599,2921,3711,3,2,1995,2,0
4208000,32,306,64423,1397,2366,3,3,1995,3,0
13624000,13,131,63186,2990,3860,2,1,2000,0,0
4251000,21,198,60507,1097,1415,1,1,2017,2,2
7719000,34,321,61604,2712,3127,1,1,2020,2,1
12602000,36,349,60839,4330,4574,5,5,2014,1,1
4483000,23,224,63387,1419,2261,5,5,2007,4,0
11659000,19,186,61331,4075,4771,2,2,2015,4,2
3467000,19,184,64906,1116,1554,3,3,2011,0,0
4082000,18,177,60767,1361,2047,3,3,1997,0,2
7550000,14,138,64410,2614,3295,2,2,2017,4,2
2168000,26,253,62727,657,1451,3,2,2007,4,2
7367000,10,101,64733,2448,2942,5,5,2006,3,1
6299000,14,133,64491,2098,2516,4,3,2008,0,2
5618000,11,111,62525,1852,2415,4,3,2015,2,2
2375000,34,325,62329,804,1142,1,1,2009,0,0
14883000,30,290,61681,3452,3847,4,3,2018,0,2
4873000,10,100,62969,1577,2437,5,4,2001,4,2
9501000,32,305,62368,3357,3842,1,1,2018,3,2
11883000,5,47,64604,4199,5179,1,1,1995,2,0
8331000,12,122,61397,2862,3159,3,2,2007,0,2
6058000,25,244,60927,966,1662,3,2,1993,2,0
7567000,12,121,61538,2561,3256,4,4,2004,4,1
6334000,0,6,61169,2238,2787,1,1,2013,1,1
6857000,5,48,63768,2256,2457,5,5,2007,2,0
10179000,16,156,64598,3575,3789,2,2,2008,2,0
3104000,21,206,64860,693,1003,5,5,2007,4,1
8799000,0,4,64106,3011,3934,4,3,1997,4,2
4884000,12,116,63599,1635,1950,3,3,2013,3,0
6052000,7,73,64709,1584,2257,5,5,1991,3,2
7225000,7,69,60857,1951,2943,4,3,2013,1,0
6861000,16,160,60299,2376,2609,2,2,2008,0,1
13960000,1,9,64291,2707,3299,4,3,1999,1,2
5557000,4,44,61139,1918,2769,2,2,1999,3,2
2434000,14,132,64567,702,1539,5,4,2009,4,0
9592000,2,19,60101,1098,1339,3,3,2021,4,1
8712000,11,110,60298,2976,3884,4,3,1995,3,0
9642000,29,277,64794,2893,3338,4,4,2017,4,0
3077000,34,329,60865,1075,1636,1,1,1996,1,2
3712000,18,178,63609,1189,1535,4,3,2014,2,1
20986000,25,244,64517,3407,3958,5,5,2013,4,0
11021000,27,256,62658,3767,4664,5,4,2021,1,1
9742000,6,62,64954,3288,3525,5,5,2003,1,1
2486000,8,76,64870,726,1452,5,4,2018,3,2
2875000,0,1,60230,855,1192,5,4,1996,4,0
9642000,9,87,62688,1901,2766,5,4,2020,1,2
5540000,36,349,60599,1804,2301,5,4,1993,4,0
12637000,31,302,64744,4419,5083,3,3,2006,4,1
12285000,33,318,64548,2960,3907,4,4,2023,0,1
9503000,2,20,63239,1063,1412,5,5,2015,1,1
8095000,29,279,61926,2463,2712,2,1,1998,3,0
6899000,5,53,63673,2326,3311,4,3,2012,2,1
5741000,8,74,61599,1883,2754,5,5,1992,3,1
10500000,11,111,60166,3624,3827,4,3,2011,0,2
12628000,13,125,60455,2730,2954,3,2,1992,3,2
2080000,32,306,61841,613,1177,4,4,1993,1,0
22059000,3,35,62524,3917,4697,5,5,2008,1,2
4582000,29,280,64192,1394,1977,1,1,1998,2,2
5483000,1,16,61640,1043,1407,3,2,2010,3,0
7044000,20,190,60258,2334,3159,5,4,2017,4,2
3565000,28,273,60210,1132,2012,4,3,2005,3,0
7954000,31,302,63610,2681,3575,4,3,2010,0,2
3416000,34,325,61582,1102,1668,3,3,1995,3,2
2013000,22,216,60161,676,905,1,1,2022,4,1
8547000,15,142,60207,2976,3528,2,1,2013,3,2
2610000,31,299,63346,798,1033,4,4,1996,4,1
3371000,20,190,61195,1062,1470,4,3,2017,3,1
7861000,5,48,64627,2764,3175,1,1,2003,2,0
9077000,16,160,61872,3169,3630,2,2,2004,3,1
10025000,32,307,64324,3530,4128,1,1,1992,3,0
10160000,31,301,64837,3552,4474,2,2,2023,4,2
4566000,9,84,62271,868,1584,4,3,1996,0,1
12879000,13,131,60241,2840,3114,1,1,2014,0,1
6777000,0,3,64687,2240,3039,5,5,1996,1,1
10943000,32,306,64477,3768,4758,4,3,2020,0,0
5451000,22,214,63179,1778,2184,5,5,1992,2,0
8212000,20,192,64611,2821,3057,3,2,2005,2,2
5011000,34,323,62749,1680,2319,3,2,2020,3,2
10328000,16,159,63892,3552,4530,4,4,1998,1,2
9785000,34,322,61576,3468,4396,1,1,2008,3,0
10051000,21,199,60438,2501,2804,5,4,2016,2,2
2595000,27,258,64861,820,1569,3,2,1999,0,1
10633000,37,355,61328,3716,3937,2,2,2019,4,2
12530000,4,42,61452,4349,4614,4,3,1990,1,1
5357000,5,48,60803,1788,1990,4,3,2024,2,2
11974000,35,335,64251,3208,3696,4,3,2018,3,0
12164000,30,289,64560,2842,3655,2,1,2013,1,0
11484000,18,177,60418,4075,4630,1,1,2024,3,0
6388000,5,54,61773,2221,2527,2,1,2002,1,0
8257000,1,11,64920,1574,2563,4,3,2018,2,2
11660000,27,259,62961,4061,4613,3,3,1990,4,2
11378000,9,91,63488,2322,3145,2,1,2020,4,2
8662000,32,303,62884,3016,3475,2,2,2011,1,0
4883000,7,66,60224,1260,1816,5,4,2005,2,2
3773000,4,43,61511,1238,1707,3,3,2011,2,1
20099000,25,240,60188,3309,4082,2,2,2003,3,1
3086000,31,301,62961,957,1458,4,4,2013,4,1
7507000,13,124,63260,1580,2485,4,3,2000,1,0
7600000,15,143,61382,2589,2948,4,4,2019,1,2
6981000,28,266,62223,2326,2805,5,4,2005,2,1
17464000,30,290,60533,4112,4881,2,1,2011,2,1
11357000,2,18,60356,1310,1562,2,2,2000,1,2
2264000,29,274,63668,676,1671,1,1,1997,0,1
22142000,2,18,61910,2546,2764,5,5,2017,3,0
11187000,36,347,60404,3958,4748,1,1,2022,4,2
4710000,21,198,61439,1226,2161,1,1,2023,0,2
3983000,18,177,60931,1319,2267,3,3,1995,3,2
7864000,34,325,63198,2708,3339,3,3,2008,0,0
11026000,29,279,62134,3338,4016,3,2,1993,4,0
38299000,2,20,63446,4493,5256,1,1,2008,2,2
11970000,10,101,63633,4244,4592,1,1,2020,3,0
5890000,21,200,60141,1456,1849,4,4,2009,0,1
3045000,31,296,62393,1061,1837,1,1,2013,4,0
11020000,12,113,60227,3880,4127,2,1,2017,1,0
5154000,27,262,62139,1756,2550,2,1,2007,2,0
12667000,31,297,62422,4464,5143,2,2,1993,0,2
11213000,26,252,61355,3981,4214,1,1,2013,3,2
15589000,33,315,62731,3873,4146,1,1,2008,2,2
7386000,12,118,63549,2454,2965,5,5,2017,4,1
11604000,12,119,62857,4051,4926,3,3,2005,0,1
5559000,23,223,63801,1858,2234,4,4,2012,4,1
3338000,34,323,62595,1089,1916,3,3,2024,2,1
7595000,3,30,62831,1294,1779,5,5,2007,1,0
3177000,31,300,61351,962,1277,5,4,2004,0,1
4243000,15,146,64333,1462,1824,1,1,1992,4,1
2355000,8,82,62938,719,1490,3,2,1995,3,2
4388000,33,316,62415,1035,1422,2,2,2010,2,0
4056000,12,115,60221,1421,2126,1,1,2022,4,1
9892000,32,309,60929,3410,3911,3,2,2017,1,1
2761000,10,102,60475,966,1463,1,1,2003,1,2
4352000,29,274,63244,1322,1996,1,1,2014,0,0
8185000,11,111,62687,2811,3437,3,2,2024,0,2
22654000,1,8,62770,4476,5117,3,2,2007,1,1
7731000,21,202,62130,1987,2888,2,2,2013,1,0
16497000,3,32,64739,2911,3828,5,4,1991,2,2
3683000,22,212,61897,1144,1971,5,4,2013,0,2
16386000,9,90,61575,3339,4243,4,4,2005,3,2
13145000,33,315,62752,3192,3922,4,4,2023,1,2
11730000,20,188,64371,4047,5012,4,3,2010,4,0
3738000,8,81,61316,1298,2160,1,1,2003,0,2
6480000,30,284,63204,1443,1707,4,4,2010,0,1
10711000,9,86,60397,2163,2845,3,3,1997,3,0
6407000,11,112,62593,2151,2385,4,4,2021,4,2
10570000,11,109,62790,3582,4241,5,5,2009,0,1
3351000,15,149,64899,1105,2037,3,2,1990,1,0
10487000,16,154,60256,3674,4315,2,2,1999,0,0
12301000,31,297,61856,4267,4810,4,4,2015,1,2
11517000,10,101,63798,4075,4322,1,1,2010,3,0
10449000,31,296,63301,3682,4601,1,1,1994,4,2
9169000,7,69,64289,2587,3397,1,1,1994,1,1
8213000,24,231,61341,2852,3173,2,1,2007,1,1
5212000,20,189,60104,1680,2559,5,4,2012,2,0
7777000,26,250,62436,2691,3495,2,1,1997,1,1
12012000,36,340,61311,4152,5049,4,3,2023,1,0
13073000,19,185,61810,4485,5244,5,4,1998,2,0
8958000,30,289,61486,2052,2979,3,2,2011,3,1
8487000,35,338,64968,2257,2683,4,4,2011,0,0
9643000,18,177,62280,3287,3844,4,3,1991,3,0
8016000,7,71,64422,2269,2793,1,1,2014,0,1
11214000,4,38,63638,3978,4268,1,1,1991,2,1
25645000,2,25,60522,2992,3726,2,2,2014,2,0
6377000,3,29,60498,1098,1808,3,3,2018,0,2
11357000,5,46,63151,3886,4240,5,5,1990,3,1
2771000,36,348,60437,812,1482,5,4,2021,1,1
11676000,21,203,62218,3054,3332,1,1,2011,4,2
16337000,35,331,62832,4488,5135,2,1,1999,3,0
10228000,6,62,63763,3609,4456,1,1,1998,1,0
9842000,26,249,64650,3422,3623,3,3,2012,1,0
17592000,33,317,60282,4301,4635,4,3,1993,3,0
21647000,2,18,62770,2496,2896,4,3,2008,1,2
7448000,14,136,64906,2545,3039,3,2,2011,3,0
12306000,35,339,62380,3376,3816,2,2,2021,0,0
10178000,27,259,60829,3568,4497,2,2,2002,4,0
6255000,28,265,60180,2152,2774,2,2,1998,2,2
12932000,25,239,60703,2131,2881,1,1,2008,1,1
4342000,36,347,62321,1499,2235,1,1,1998,3,1
10476000,29,275,63878,3224,4019,2,1,2019,4,1
3777000,24,228,60863,1220,1590,4,4,2011,3,1
8602000,36,347,60494,3008,3716,2,1,2017,2,0
9966000,17,166,60763,3471,4108,2,2,2008,2,0
4978000,12,118,60138,1716,2487,2,1,2012,0,1
15807000,13,131,61480,3451,4027,3,2,2005,2,2
3286000,9,86,64240,674,1353,1,1,2009,3,1
6901000,29,275,63275,2063,2894,3,2,2002,4,1
8430000,30,291,63673,1895,2739,5,5,1992,2,0
3663000,23,219,64147,1134,2116,5,4,2005,4,1
10932000,14,137,63141,3717,3999,5,5,1993,4,0
3879000,37,355,63170,1282,1981,3,2,2006,4,2
7338000,0,0,60475,2499,3334,3,2,2017,1,2
12324000,10,99,61936,4227,4910,5,4,2004,4,1
3475000,18,177,62836,1072,1851,5,4,2000,0,1
12921000,13,123,63283,2781,3221,4,3,2000,4,1
7888000,12,116,60736,2731,3418,2,1,2013,4,0
2227000,24,227,61206,636,1224,4,3,2001,1,1
4811000,19,185,62479,1601,2559,3,3,2019,0,2
3225000,6,59,63751,957,1630,5,5,1990,1,2
10420000,37,351,62770,3631,4472,3,2,2007,3,1
9153000,24,234,64797,3087,3345,5,5,2014,2,0
12898000,24,227,63612,4461,5112,4,4,2014,2,2
2273000,24,228,64567,758,1241,2,1,1996,0,0
10706000,16,152,63814,3754,4667,2,2,1999,0,0
6884000,36,349,60191,2371,2652,2,2,1991,1,0
11241000,14,139,61844,3849,4653,5,4,1995,0,0
3726000,7,72,63395,953,1289,4,3,2013,2,1
11627000,25,238,62981,1913,2457,1,1,2003,4,0
34501000,2,19,62852,4011,4224,4,4,2006,4,1
3524000,14,136,62797,1114,1552,4,3,1991,3,2
11539000,4,38,63481,4051,4601,2,2,1998,2,0
9468000,33,319,64302,2315,2805,2,1,2011,1,0
11760000,17,163,62842,4025,4366,5,5,2015,0,0
5047000,13,128,60411,1036,1897,4,4,1997,4,1
9138000,17,164,63719,3176,4013,2,2,2017,2,0
4135000,12,119,64713,1366,1572,3,3,2008,4,2
12585000,11,109,60891,4461,4892,1,1,2003,3,0
6718000,8,79,61438,2203,3156,5,5,2022,2,0
4451000,1,9,62885,866,1839,1,1,1997,0,2
6758000,16,159,63492,2243,3132,5,5,2021,1,1
3871000,34,329,64369,1287,2201,3,2,2005,1,0
6862000,27,255,61494,2344,2579,3,3,1996,3,1
10632000,29,274,62725,3190,3606,4,4,2007,2,2
6209000,14,140,60104,2113,2860,3,3,2011,2,0
10238000,22,208,62536,3608,4377,1,1,2019,3,0
8867000,34,325,60721,3033,3790,4,3,1996,3,2
11557000,20,193,62143,4093,4599,1,1,2024,4,2
2295000,0,5,61938,678,1038,4,4,2017,3,2
6376000,16,157,61337,2182,3069,3,2,2014,2,0
8159000,12,117,62210,2731,3208,5,4,2009,1,0
12159000,20,193,63632,4324,5160,1,1,2005,3,1
17685000,33,320,64786,4363,4685,2,1,2012,2,0
10451000,4,38,63552,3661,4661,2,1,2006,3,1
3040000,24,232,62613,1067,1474,1,1,2022,3,0
11117000,1,10,62846,2128,2578,5,5,2024,4,0
3349000,15,146,64483,1134,1705,2,1,1995,1,0
5718000,14,134,63311,1876,2607,5,4,2010,2,1
12040000,5,53,61749,4216,4634,2,1,1997,1,0
12034000,19,182,62413,4162,4730,4,3,2004,1,2
10263000,9,87,62218,2124,2332,1,1,2006,1,1
5419000,12,116,64396,1863,2768,2,2,2018,2,2
9383000,28,266,62865,3213,3754,4,3,1998,4,0
4073000,17,167,60920,1357,2126,3,2,2008,4,2
10268000,12,117,61405,3592,4442,2,2,2010,2,2
9055000,36,345,62435,3042,3970,5,4,2010,1,0
10209000,14,138,60351,3523,3971,3,3,2020,0,2
10196000,24,233,61112,3459,3740,5,5,2000,2,2
2598000,22,214,63619,886,1614,1,1,2001,0,2
10593000,25,241,60866,1703,2104,4,4,2004,4,1
7089000,27,260,63987,2489,2954,1,1,2021,4,0
6285000,6,62,60495,2209,2795,1,1,2021,4,1
26880000,2,25,63442,3098,4029,5,4,1991,2,0
3934000,27,258,64480,1251,1731,4,3,1990,2,2
5915000,26,254,64752,2028,2664,2,1,1999,0,2
11614000,4,37,60986,4089,4577,2,2,2003,3,2
12514000,32,310,62305,4320,4527,4,3,2024,4,2
16427000,1,8,60382,3252,3565,2,1,2013,4,2
6664000,22,216,60733,2333,3104,1,1,2024,2,1
8682000,22,207,60759,3020,3581,2,2,1998,1,0
11555000,31,299,64279,3992,4578,4,4,2005,0,2
12286000,7,71,64175,3400,4167,4,4,2003,2,0
10988000,14,132,63218,3851,4799,2,2,2001,4,1
17650000,25,244,61677,2906,3302,2,2,2014,0,1
7397000,0,6,64798,2466,2740,5,5,1993,3,1
6410000,14,140,62916,2253,2704,1,1,1998,1,2
4750000,31,298,62916,1631,2000,2,2,1992,2,1
8898000,30,285,60934,2001,2237,5,4,2024,4,1
9794000,26,251,63682,3389,4276,3,2,2019,2,0
8195000,22,209,62377,2827,3142,3,2,2004,0,0
3541000,10,97,64810,1232,1603,1,1,2006,0,1
5703000,37,355,60620,1917,2720,3,2,1994,1,0
9433000,6,60,60962,3198,3700,5,5,2000,0,2
24230000,25,241,62502,3987,4980,3,3,2004,3,1
9460000,5,54,64352,3189,4020,5,5,1995,3,1
6113000,2,22,64941,711,1371,1,1,2015,3,1
8867000,0,2,64662,3132,4096,1,1,2017,0,0
15947000,7,68,64193,4472,4757,3,2,2013,2,1
11547000,36,341,64747,3930,4483,5,4,1997,4,2
7384000,15,148,62152,2612,3262,1,1,2012,0,2
19015000,13,129,61922,4208,4434,1,1,2017,0,0
7915000,23,219,60608,2786,3214,1,1,1997,4,1
4496000,11,110,60539,1491,2229,3,2,1992,1,1
17131000,3,26,62728,3092,3412,1,1,2005,0,1
6011000,21,200,60186,1493,1978,3,2,2014,3,0
9232000,5,50,64393,3160,3425,4,3,2014,4,1
3699000,15,147,64124,1300,1550,1,1,2002,0,1
3403000,4,38,61998,1193,1485,1,1,2015,4,1
11359000,29,282,64628,3402,4228,5,5,1996,3,0
20632000,9,84,60429,4207,4740,4,4,2021,1,1
8113000,23,225,62899,2810,3374,2,2,2023,3,1
16701000,1,13,60276,3263,3999,4,3,1990,1,0
7943000,24,234,61845,2716,2936,3,2,1997,0,1
11492000,5,53,62729,4065,4435,1,1,2011,1,2
5407000,8,75,64198,1736,2039,5,4,2021,0,2
7806000,14,138,60998,2726,3125,2,1,2016,4,1
10754000,17,167,61248,3749,4418,3,3,2017,3,1
3877000,26,246,64153,1225,1942,4,4,2002,0,0
8105000,35,337,63612,2197,2563,2,1,2007,3,1
13140000,33,313,60294,3154,3883,5,5,1997,0,2
6013000,24,231,64937,2070,2966,2,1,2020,3,0
19681000,9,88,60802,3992,4203,5,5,2007,2,0
6026000,23,217,61882,2039,2801,3,2,2010,4,0
9126000,4,39,64829,3183,3608,2,2,2017,2,0
11167000,31,298,61153,3911,4459,2,2,2024,1,0
8775000,11,106,64471,3097,3982,1,1,2017,2,0
8307000,18,174,63107,2844,3317,3,3,1998,4,1
26579000,25,236,63491,4407,4943,1,1,2004,4,2
14537000,7,67,62277,4021,4516,5,5,1994,3,0
4671000,32,303,63424,1611,1830,2,2,2000,2,2
3051000,11,103,63379,1060,1276,1,1,2004,1,0
19082000,9,86,63277,3922,4710,3,3,2014,2,0
10149000,4,38,64225,3513,4309,3,3,2005,1,2
6266000,26,246,60609,2104,2684,4,3,2022,2,2
6159000,28,271,62442,2041,2907,4,4,1990,4,2
9186000,0,2,64236,3114,3707,5,4,1996,0,1
2493000,28,265,61860,696,948,5,5,1990,1,1
7681000,23,225,64585,2699,3074,1,1,2008,1,0
6073000,15,146,64955,2082,2988,2,1,1998,3,0
2478000,31,301,61985,720,1145,5,4,2013,3,0
9374000,28,268,64439,3195,3820,4,3,2005,3,0
4896000,21,200,61285,1153,1381,5,4,1990,3,0
15487000,2,17,63724,1810,2802,1,1,2022,3,2
7603000,12,114,63348,2685,2940,1,1,1993,0,1
9590000,35,332,63124,2555,3485,4,3,2008,4,0
6503000,29,278,60243,1874,2331,5,4,2022,0,0
2678000,33,318,63503,638,1288,1,1,1996,4,1
5242000,6,64,63839,1744,2343,4,4,2017,1,2
7529000,32,312,63511,2497,3213,5,4,2006,2,1
11470000,13,129,63341,2499,3056,2,2,2001,0,1
6523000,7,65,64128,1779,2446,3,3,2010,2,0
5997000,13,129,61169,1251,2231,4,4,2002,2,1
9390000,1,12,60454,1773,2747,5,5,2022,2,1
6543000,27,259,63625,2263,2667,2,1,2004,1,0
14890000,35,338,62458,4107,5044,1,1,2005,1,0
5264000,1,12,63299,954,1173,5,4,1994,2,2
3028000,5,48,62637,1013,1404,2,2,2003,2,2
5822000,17,170,64884,1920,2845,4,4,2008,0,0
